order_id,customer_id,product_id,store_id,order_date,quantity,quality_flag
ORD-00003,CUST-0434,PROD-053,STORE-08,2026-05-19,1,invalid_customer_fk
ORD-00004,CUST-0690,PROD-084,STORE-11,2024-10-12,2,invalid_product_fk
ORD-00021,CUST-0599,PROD-062,STORE-09,2024-10-14,9,invalid_customer_fk
ORD-00039,CUST-0627,PROD-084,STORE-09,2025-05-24,1,invalid_product_fk
ORD-00041,CUST-GHOST-999,PROD-018,STORE-05,2025-10-21,2,invalid_customer_fk
ORD-00059,CUST-0948,PROD-031,STORE-14,2026-03-01,3,invalid_product_fk
ORD-00081,CUST-0738,PROD-039,STORE-09,2026-10-27,5,future_date
ORD-00089,CUST-0622,PROD-084,STORE-06,2025-06-29,8,invalid_product_fk
ORD-00090,CUST-0453,PROD-057,STORE-11,2025-01-20,4,invalid_customer_fk
ORD-00110,CUST-0762,PROD-061,STORE-08,2026-10-27,5,future_date
ORD-00113,CUST-0642,PROD-031,STORE-05,2024-11-12,8,invalid_product_fk
ORD-00121,CUST-0969,PROD-090,STORE-01,2025-08-12,10,invalid_customer_fk
ORD-00139,CUST-0230,PROD-084,STORE-02,2025-11-15,1,invalid_product_fk
ORD-00148,CUST-0590,PROD-087,STORE-15,2025-08-26,7,invalid_customer_fk
ORD-00151,CUST-0105,PROD-090,STORE-13,2025-02-21,5,invalid_customer_fk
ORD-00157,CUST-0109,PROD-056,STORE-06,2025-11-10,8,invalid_customer_fk
ORD-00171,CUST-0088,PROD-031,STORE-12,2026-10-27,7,future_date
ORD-00193,CUST-0189,PROD-007,STORE-05,2026-10-27,8,future_date
ORD-00197,CUST-0972,PROD-039,STORE-02,2025-12-08,4,invalid_customer_fk
ORD-00228,CUST-0447,PROD-082,STORE-14,2024-10-26,8,invalid_customer_fk
ORD-00230,CUST-0419,PROD-043,STORE-06,2026-10-27,2,future_date
ORD-00249,CUST-0855,PROD-062,STORE-08,2025-04-07,4,invalid_customer_fk
ORD-00251,CUST-0196,PROD-077,STORE-09,2026-10-27,3,future_date
ORD-00263,CUST-0508,PROD-005,STORE-03,2025-04-12,9,invalid_customer_fk
ORD-00267,CUST-0420,PROD-084,STORE-03,2024-08-21,2,invalid_product_fk
ORD-00273,CUST-0071,PROD-031,STORE-11,2025-08-21,5,invalid_product_fk
ORD-00284,CUST-0473,PROD-082,STORE-05,2024-10-13,8,invalid_customer_fk
ORD-00291,CUST-0110,PROD-031,STORE-07,2025-04-10,10,invalid_product_fk
ORD-00305,CUST-GHOST-999,PROD-035,STORE-14,2026-03-10,3,invalid_customer_fk
ORD-00314,CUST-0599,PROD-049,STORE-14,2025-08-24,6,invalid_customer_fk
ORD-00332,CUST-0972,PROD-059,STORE-02,2025-09-26,4,invalid_customer_fk
ORD-00337,CUST-0601,PROD-028,STORE-14,2025-09-25,4,invalid_customer_fk
ORD-00340,CUST-0134,PROD-070,STORE-05,2024-06-29,3,invalid_customer_fk
ORD-00342,CUST-0135,PROD-002,STORE-06,2026-10-27,4,future_date
ORD-00352,CUST-0503,PROD-092,STORE-15,2024-08-02,8,invalid_customer_fk
ORD-00359,CUST-0874,PROD-084,STORE-11,2025-01-01,9,invalid_product_fk
ORD-00369,CUST-0601,PROD-072,STORE-09,2025-06-21,6,invalid_customer_fk
ORD-00392,CUST-GHOST-999,PROD-057,STORE-11,2024-08-20,7,invalid_customer_fk
ORD-00400,CUST-0969,PROD-028,STORE-13,2026-01-20,3,invalid_customer_fk
ORD-00407,CUST-0447,PROD-003,STORE-08,2024-06-30,2,invalid_customer_fk
ORD-00452,CUST-0318,PROD-084,STORE-12,2026-05-08,7,invalid_product_fk
ORD-00454,CUST-GHOST-999,PROD-072,STORE-07,2025-08-02,6,invalid_customer_fk
ORD-00458,CUST-GHOST-999,PROD-024,STORE-04,2024-08-19,6,invalid_customer_fk
ORD-00473,CUST-0473,PROD-099,STORE-05,2025-12-01,7,invalid_customer_fk
ORD-00477,CUST-0896,PROD-048,STORE-09,2026-10-27,2,future_date
ORD-00488,CUST-0811,PROD-019,STORE-03,2026-01-16,1,invalid_customer_fk
ORD-00494,CUST-0434,PROD-015,STORE-13,2025-02-13,5,invalid_customer_fk
ORD-00499,CUST-0589,PROD-031,STORE-12,2026-03-25,3,invalid_product_fk
ORD-00501,CUST-0362,PROD-031,STORE-10,2024-07-19,7,invalid_product_fk
ORD-00512,CUST-0347,PROD-083,STORE-03,2026-10-27,8,future_date
ORD-00516,CUST-0811,PROD-026,STORE-15,2024-09-13,1,invalid_customer_fk
ORD-00521,CUST-0887,PROD-084,STORE-06,2024-11-13,5,invalid_product_fk
ORD-00538,CUST-0069,PROD-031,STORE-13,2024-06-27,6,invalid_product_fk
ORD-00541,CUST-0972,PROD-048,STORE-06,2025-11-14,8,invalid_customer_fk
ORD-00542,CUST-0782,PROD-010,STORE-10,2026-10-27,3,future_date
ORD-00550,CUST-0205,PROD-016,STORE-03,2026-10-27,2,future_date
ORD-00558,CUST-0243,PROD-064,STORE-01,2026-04-04,6,invalid_customer_fk
ORD-00570,CUST-GHOST-999,PROD-016,STORE-09,2024-11-23,3,invalid_customer_fk
ORD-00572,CUST-0958,PROD-091,STORE-04,2026-10-27,6,future_date
ORD-00580,CUST-0346,PROD-073,STORE-01,2026-05-22,1,invalid_customer_fk
ORD-00582,CUST-0272,PROD-084,STORE-04,2024-10-24,10,invalid_product_fk
ORD-00593,CUST-0109,PROD-041,STORE-04,2026-03-05,8,invalid_customer_fk
ORD-00596,CUST-0969,PROD-050,STORE-14,2024-09-28,10,invalid_customer_fk
ORD-00603,CUST-0990,PROD-031,STORE-04,2025-07-16,10,invalid_product_fk
ORD-00609,CUST-0375,PROD-006,STORE-07,2025-04-20,1,invalid_customer_fk
ORD-00616,CUST-GHOST-999,PROD-019,STORE-04,2024-10-20,10,invalid_customer_fk
ORD-00631,CUST-0598,PROD-062,STORE-03,2025-05-25,9,invalid_customer_fk
ORD-00649,CUST-0957,PROD-093,STORE-05,2026-04-24,5,invalid_customer_fk
ORD-00664,CUST-0417,PROD-084,STORE-15,2025-07-17,8,invalid_product_fk
ORD-00665,CUST-0489,PROD-084,STORE-04,2025-10-09,5,invalid_product_fk
ORD-00667,CUST-0930,PROD-099,STORE-02,2024-11-15,10,invalid_customer_fk
ORD-00670,CUST-0957,PROD-005,STORE-14,2025-10-23,7,invalid_customer_fk
ORD-00686,CUST-0393,PROD-031,STORE-08,2024-08-31,5,invalid_product_fk
ORD-00689,CUST-0670,PROD-047,STORE-12,2025-04-13,4,invalid_customer_fk
ORD-00706,CUST-0453,PROD-015,STORE-11,2024-09-15,4,invalid_customer_fk
ORD-00721,CUST-0137,PROD-084,STORE-14,2025-11-16,6,invalid_product_fk
ORD-00724,CUST-0855,PROD-001,STORE-13,2024-12-03,1,invalid_customer_fk
ORD-00738,CUST-0243,PROD-039,STORE-15,2024-09-16,3,invalid_customer_fk
ORD-00741,CUST-0972,PROD-076,STORE-15,2024-07-02,3,invalid_customer_fk
ORD-00743,CUST-0508,PROD-007,STORE-06,2025-08-24,7,invalid_customer_fk
ORD-00764,CUST-0316,PROD-034,STORE-06,2026-10-27,9,future_date
ORD-00792,CUST-GHOST-999,PROD-020,STORE-04,2024-11-25,4,invalid_customer_fk
ORD-00811,CUST-0578,PROD-031,STORE-10,2026-05-18,7,invalid_product_fk
ORD-00819,CUST-0503,PROD-030,STORE-06,2024-08-13,9,invalid_customer_fk
ORD-00838,CUST-0143,PROD-035,STORE-05,2024-11-16,5,invalid_customer_fk
ORD-00841,CUST-GHOST-999,PROD-010,STORE-06,2025-04-26,5,invalid_customer_fk
ORD-00845,CUST-0972,PROD-051,STORE-06,2026-04-28,10,invalid_customer_fk
ORD-00847,CUST-0441,PROD-084,STORE-10,2024-08-19,3,invalid_product_fk
ORD-00859,CUST-0143,PROD-082,STORE-05,2024-11-29,4,invalid_customer_fk
ORD-00870,CUST-0109,PROD-002,STORE-02,2026-02-26,5,invalid_customer_fk
ORD-00926,CUST-0795,PROD-031,STORE-04,2025-02-06,10,invalid_product_fk
ORD-00928,CUST-0648,PROD-055,STORE-03,2024-08-05,10,invalid_customer_fk
ORD-00929,CUST-0143,PROD-027,STORE-14,2025-10-21,4,invalid_customer_fk
ORD-00943,CUST-GHOST-999,PROD-066,STORE-12,2026-02-16,5,invalid_customer_fk
ORD-00950,CUST-0346,PROD-071,STORE-10,2025-12-08,3,invalid_customer_fk
ORD-00957,CUST-0904,PROD-084,STORE-05,2025-10-04,3,invalid_product_fk
ORD-00962,CUST-0440,PROD-084,STORE-02,2024-12-10,2,invalid_product_fk
ORD-00996,CUST-GHOST-999,PROD-051,STORE-09,2025-01-27,5,invalid_customer_fk
ORD-00998,CUST-0434,PROD-090,STORE-07,2025-02-17,2,invalid_customer_fk
ORD-01030,CUST-GHOST-999,PROD-052,STORE-02,2026-03-26,8,invalid_customer_fk
ORD-01032,CUST-GHOST-999,PROD-012,STORE-09,2026-02-04,8,invalid_customer_fk
ORD-01052,CUST-0299,PROD-034,STORE-14,2026-10-27,6,future_date
ORD-01114,CUST-0811,PROD-082,STORE-08,2024-10-31,6,invalid_customer_fk
ORD-01129,CUST-0263,PROD-014,STORE-12,2026-05-18,1,invalid_customer_fk
ORD-01130,CUST-0050,PROD-050,STORE-08,2024-07-25,7,invalid_customer_fk
ORD-01141,CUST-0442,PROD-084,STORE-03,2024-10-16,10,invalid_product_fk
ORD-01169,CUST-GHOST-999,PROD-097,STORE-08,2026-02-16,3,invalid_customer_fk
ORD-01170,CUST-0972,PROD-022,STORE-04,2025-11-13,4,invalid_customer_fk
ORD-01173,CUST-0855,PROD-077,STORE-05,2024-10-14,6,invalid_customer_fk
ORD-01175,CUST-GHOST-999,PROD-050,STORE-09,2025-06-03,7,invalid_customer_fk
ORD-01197,CUST-0662,PROD-012,STORE-04,2026-10-27,8,future_date
ORD-01202,CUST-GHOST-999,PROD-018,STORE-13,2026-02-28,9,invalid_customer_fk
ORD-01222,CUST-0434,PROD-049,STORE-14,2024-08-25,6,invalid_customer_fk
ORD-01231,CUST-0268,PROD-084,STORE-12,2026-01-24,5,invalid_product_fk
ORD-01238,CUST-0598,PROD-091,STORE-10,2024-11-26,4,invalid_customer_fk
ORD-01240,CUST-0703,PROD-069,STORE-11,2024-07-05,8,invalid_customer_fk
ORD-01247,CUST-GHOST-999,PROD-096,STORE-14,2024-08-07,5,invalid_customer_fk
ORD-01283,CUST-0050,PROD-089,STORE-02,2024-08-03,7,invalid_customer_fk
ORD-01297,CUST-0339,PROD-031,STORE-01,2024-10-09,1,invalid_product_fk
ORD-01306,CUST-0369,PROD-087,STORE-06,2024-10-16,7,invalid_customer_fk
ORD-01330,CUST-0056,PROD-002,STORE-11,2026-10-27,3,future_date
ORD-01333,CUST-0329,PROD-031,STORE-06,2026-01-26,5,invalid_product_fk
ORD-01334,CUST-GHOST-999,PROD-065,STORE-04,2024-11-03,9,invalid_customer_fk
ORD-01339,CUST-0764,PROD-084,STORE-01,2026-03-30,2,invalid_product_fk
ORD-01342,CUST-0811,PROD-078,STORE-10,2026-05-03,5,invalid_customer_fk
ORD-01374,CUST-0648,PROD-028,STORE-04,2026-04-06,4,invalid_customer_fk
ORD-01392,CUST-0399,PROD-031,STORE-09,2024-11-20,5,invalid_product_fk
ORD-01444,CUST-0109,PROD-038,STORE-13,2025-04-21,5,invalid_customer_fk
ORD-01461,CUST-0473,PROD-083,STORE-09,2024-07-10,2,invalid_customer_fk
ORD-01465,CUST-0688,PROD-084,STORE-04,2025-06-27,2,invalid_product_fk
ORD-01485,CUST-GHOST-999,PROD-051,STORE-04,2025-11-12,10,invalid_customer_fk
ORD-01500,CUST-0855,PROD-095,STORE-05,2026-02-22,10,invalid_customer_fk
ORD-01502,CUST-0670,PROD-049,STORE-06,2025-03-12,10,invalid_customer_fk
ORD-01503,CUST-0670,PROD-010,STORE-09,2025-02-02,5,invalid_customer_fk
ORD-01518,CUST-GHOST-999,PROD-034,STORE-15,2025-10-06,3,invalid_customer_fk
ORD-01538,CUST-0535,PROD-054,STORE-06,2026-10-27,1,future_date
ORD-01552,CUST-0434,PROD-073,STORE-06,2024-11-08,10,invalid_customer_fk
ORD-01561,CUST-0805,PROD-044,STORE-13,2026-10-27,9,future_date
ORD-01570,CUST-0969,PROD-100,STORE-14,2025-03-31,3,invalid_customer_fk
ORD-01576,CUST-0369,PROD-031,STORE-11,2025-10-16,1,invalid_customer_fk
ORD-01586,CUST-0268,PROD-023,STORE-07,2026-10-27,9,future_date
ORD-01607,CUST-0754,PROD-031,STORE-14,2024-10-20,5,invalid_product_fk
ORD-01612,CUST-0007,PROD-098,STORE-14,2024-10-22,9,invalid_customer_fk
ORD-01616,CUST-0503,PROD-024,STORE-13,2024-08-17,9,invalid_customer_fk
ORD-01626,CUST-0270,PROD-031,STORE-05,2025-11-03,8,invalid_product_fk
ORD-01632,CUST-0703,PROD-030,STORE-14,2024-08-27,2,invalid_customer_fk
ORD-01644,CUST-0369,PROD-072,STORE-09,2024-08-11,5,invalid_customer_fk
ORD-01680,CUST-0375,PROD-053,STORE-05,2024-07-09,3,invalid_customer_fk
ORD-01687,CUST-0612,PROD-030,STORE-13,2026-10-27,1,future_date
ORD-01695,CUST-0292,PROD-084,STORE-12,2026-05-01,9,invalid_product_fk
ORD-01725,CUST-0599,PROD-016,STORE-07,2025-12-15,4,invalid_customer_fk
ORD-01726,CUST-0010,PROD-006,STORE-10,2026-10-27,8,future_date
ORD-01738,CUST-0497,PROD-091,STORE-08,2024-11-23,9,invalid_customer_fk
ORD-01783,CUST-0369,PROD-058,STORE-08,2026-01-22,7,invalid_customer_fk
ORD-01803,CUST-0891,PROD-099,STORE-04,2026-10-27,10,future_date
ORD-01810,CUST-0590,PROD-065,STORE-02,2025-12-17,4,invalid_customer_fk
ORD-01811,CUST-0443,PROD-038,STORE-13,2026-10-27,7,future_date
ORD-01822,CUST-0434,PROD-047,STORE-06,2026-02-06,4,invalid_customer_fk
ORD-01830,CUST-0972,PROD-080,STORE-15,2024-11-06,3,invalid_customer_fk
ORD-01859,CUST-0428,PROD-031,STORE-10,2025-10-13,3,invalid_product_fk
ORD-01862,CUST-0212,PROD-084,STORE-03,2024-09-10,10,invalid_product_fk
ORD-01866,CUST-GHOST-999,PROD-073,STORE-15,2025-10-19,3,invalid_customer_fk
ORD-01868,CUST-0972,PROD-093,STORE-02,2025-08-19,3,invalid_customer_fk
ORD-01886,CUST-0068,PROD-023,STORE-15,2026-10-27,8,future_date
ORD-01897,CUST-GHOST-999,PROD-050,STORE-09,2026-03-21,1,invalid_customer_fk
ORD-01900,CUST-0473,PROD-022,STORE-07,2026-02-21,5,invalid_customer_fk
ORD-01901,CUST-0628,PROD-007,STORE-12,2026-10-27,9,future_date
ORD-01947,CUST-0957,PROD-091,STORE-05,2025-10-13,7,invalid_customer_fk
ORD-01956,CUST-0819,PROD-079,STORE-07,2024-09-30,7,invalid_customer_fk
ORD-02003,CUST-GHOST-999,PROD-014,STORE-04,2024-08-22,9,invalid_customer_fk
ORD-02006,CUST-GHOST-999,PROD-032,STORE-03,2026-10-27,2,future_date
ORD-02007,CUST-0319,PROD-079,STORE-15,2026-01-19,6,invalid_customer_fk
ORD-02010,CUST-0109,PROD-050,STORE-01,2025-06-09,2,invalid_customer_fk
ORD-02061,CUST-0143,PROD-025,STORE-09,2026-04-04,7,invalid_customer_fk
ORD-02077,CUST-0722,PROD-048,STORE-02,2026-10-27,10,future_date
ORD-02101,CUST-0497,PROD-024,STORE-13,2025-08-20,9,invalid_customer_fk
ORD-02115,CUST-GHOST-999,PROD-068,STORE-11,2025-07-24,1,invalid_customer_fk
ORD-02119,CUST-0262,PROD-084,STORE-10,2026-04-26,7,invalid_product_fk
ORD-02120,CUST-0473,PROD-099,STORE-11,2025-04-01,4,invalid_customer_fk
ORD-02129,CUST-0673,PROD-028,STORE-10,2026-10-27,2,future_date
ORD-02131,CUST-0134,PROD-049,STORE-11,2026-06-22,10,invalid_customer_fk
ORD-02159,CUST-0375,PROD-069,STORE-14,2025-01-26,6,invalid_customer_fk
ORD-02176,CUST-0501,PROD-084,STORE-01,2025-09-28,8,invalid_product_fk
ORD-02178,CUST-0719,PROD-084,STORE-03,2025-01-19,1,invalid_product_fk
ORD-02191,CUST-0450,PROD-032,STORE-15,2026-10-27,10,future_date
ORD-02196,CUST-0724,PROD-084,STORE-10,2026-05-13,5,invalid_product_fk
ORD-02199,CUST-GHOST-999,PROD-035,STORE-09,2025-01-04,8,invalid_customer_fk
ORD-02200,CUST-0422,PROD-031,STORE-03,2025-09-20,10,invalid_product_fk
ORD-02201,CUST-GHOST-999,PROD-005,STORE-10,2025-05-06,3,invalid_customer_fk
ORD-02214,CUST-0107,PROD-095,STORE-01,2026-10-27,9,future_date
ORD-02216,CUST-0497,PROD-066,STORE-02,2026-02-26,2,invalid_customer_fk
ORD-02217,CUST-0917,PROD-031,STORE-12,2024-11-13,8,invalid_product_fk
ORD-02220,CUST-GHOST-999,PROD-100,STORE-02,2024-08-17,6,invalid_customer_fk
ORD-02231,CUST-GHOST-999,PROD-060,STORE-08,2025-12-08,7,invalid_customer_fk
ORD-02244,CUST-0035,PROD-055,STORE-09,2026-10-27,7,future_date
ORD-02249,CUST-0303,PROD-031,STORE-11,2024-12-07,2,invalid_product_fk
ORD-02259,CUST-0814,PROD-027,STORE-13,2026-10-27,2,future_date
ORD-02267,CUST-0117,PROD-084,STORE-08,2025-02-23,10,invalid_product_fk
ORD-02287,CUST-0352,PROD-084,STORE-11,2024-12-22,6,invalid_product_fk
ORD-02297,CUST-0166,PROD-031,STORE-02,2026-05-31,1,invalid_product_fk
ORD-02305,CUST-0160,PROD-001,STORE-12,2026-10-27,9,future_date
ORD-02309,CUST-GHOST-999,PROD-057,STORE-06,2025-03-11,2,invalid_customer_fk
ORD-02311,CUST-0143,PROD-087,STORE-09,2024-07-04,2,invalid_customer_fk
ORD-02343,CUST-0128,PROD-084,STORE-11,2026-06-20,5,invalid_product_fk
ORD-02348,CUST-GHOST-999,PROD-034,STORE-11,2024-07-29,8,invalid_customer_fk
ORD-02356,CUST-0050,PROD-038,STORE-05,2026-01-05,9,invalid_customer_fk
ORD-02362,CUST-GHOST-999,PROD-069,STORE-10,2026-01-05,6,invalid_customer_fk
ORD-02366,CUST-0105,PROD-028,STORE-03,2026-03-17,9,invalid_customer_fk
ORD-02372,CUST-0120,PROD-017,STORE-15,2026-04-27,1,invalid_customer_fk
ORD-02374,CUST-0143,PROD-057,STORE-15,2025-01-09,10,invalid_customer_fk
ORD-02391,CUST-0972,PROD-075,STORE-06,2024-11-01,6,invalid_customer_fk
ORD-02392,CUST-GHOST-999,PROD-065,STORE-13,2026-06-10,10,invalid_customer_fk
ORD-02401,CUST-0855,PROD-046,STORE-07,2026-01-27,7,invalid_customer_fk
ORD-02405,CUST-0508,PROD-098,STORE-06,2026-05-18,5,invalid_customer_fk
ORD-02455,CUST-0254,PROD-031,STORE-11,2025-03-13,5,invalid_product_fk
ORD-02456,CUST-0607,PROD-011,STORE-15,2026-10-27,2,future_date
ORD-02487,CUST-0152,PROD-031,STORE-03,2024-08-14,5,invalid_product_fk
ORD-02495,CUST-0574,PROD-056,STORE-07,2026-10-27,1,future_date
ORD-02507,CUST-GHOST-999,PROD-064,STORE-15,2024-11-14,2,invalid_customer_fk
ORD-02516,CUST-0434,PROD-061,STORE-11,2024-09-21,4,invalid_customer_fk
ORD-02520,CUST-0036,PROD-095,STORE-11,2026-10-27,1,future_date
ORD-02524,CUST-0888,PROD-031,STORE-14,2025-04-26,8,invalid_product_fk
ORD-02527,CUST-GHOST-999,PROD-097,STORE-04,2025-07-21,5,invalid_customer_fk
ORD-02547,CUST-0819,PROD-037,STORE-04,2025-08-07,2,invalid_customer_fk
ORD-02561,CUST-0969,PROD-035,STORE-05,2026-10-27,8,future_date
ORD-02573,CUST-0263,PROD-010,STORE-02,2025-12-17,9,invalid_customer_fk
ORD-02594,CUST-0447,PROD-015,STORE-15,2025-09-28,8,invalid_customer_fk
ORD-02596,CUST-0497,PROD-059,STORE-08,2026-01-13,2,invalid_customer_fk
ORD-02602,CUST-0598,PROD-001,STORE-09,2025-12-18,10,invalid_customer_fk
ORD-02629,CUST-0434,PROD-012,STORE-13,2026-05-07,7,invalid_customer_fk
ORD-02636,CUST-GHOST-999,PROD-062,STORE-05,2025-09-26,3,invalid_customer_fk
ORD-02654,CUST-0120,PROD-002,STORE-03,2025-08-03,8,invalid_customer_fk
ORD-02663,CUST-0447,PROD-081,STORE-14,2026-03-08,9,invalid_customer_fk
ORD-02666,CUST-0120,PROD-022,STORE-15,2025-06-08,3,invalid_customer_fk
ORD-02698,CUST-0346,PROD-056,STORE-02,2025-10-31,10,invalid_customer_fk
ORD-02738,CUST-0909,PROD-084,STORE-07,2026-05-12,4,invalid_product_fk
ORD-02814,CUST-0423,PROD-042,STORE-05,2026-10-27,7,future_date
ORD-02817,CUST-0243,PROD-064,STORE-09,2026-01-12,9,invalid_customer_fk
ORD-02830,CUST-0297,PROD-084,STORE-03,2026-03-14,1,invalid_product_fk
ORD-02849,CUST-0807,PROD-084,STORE-11,2025-02-27,2,invalid_product_fk
ORD-02863,CUST-0506,PROD-022,STORE-09,2026-10-27,4,future_date
ORD-02888,CUST-0485,PROD-031,STORE-06,2025-03-24,1,invalid_product_fk
ORD-02898,CUST-0573,PROD-007,STORE-05,2026-10-27,7,future_date
ORD-02913,CUST-0983,PROD-084,STORE-13,2025-08-17,6,invalid_product_fk
ORD-02914,CUST-0319,PROD-075,STORE-15,2026-05-21,9,invalid_customer_fk
ORD-02924,CUST-GHOST-999,PROD-089,STORE-06,2025-11-24,10,invalid_customer_fk
ORD-02930,CUST-0219,PROD-031,STORE-08,2025-07-29,6,invalid_product_fk
ORD-02967,CUST-0463,PROD-031,STORE-07,2024-12-12,4,invalid_product_fk
ORD-02985,CUST-GHOST-999,PROD-091,STORE-10,2024-08-13,3,invalid_customer_fk
ORD-02989,CUST-0969,PROD-052,STORE-14,2026-05-06,10,invalid_customer_fk
ORD-02990,CUST-0776,PROD-084,STORE-01,2024-09-24,8,invalid_product_fk
ORD-02991,CUST-0670,PROD-066,STORE-13,2025-07-30,3,invalid_customer_fk
ORD-03003,CUST-0703,PROD-097,STORE-07,2026-06-11,9,invalid_customer_fk
ORD-03029,CUST-GHOST-999,PROD-073,STORE-15,2026-03-19,8,invalid_customer_fk
ORD-03051,CUST-0497,PROD-060,STORE-02,2025-04-17,2,invalid_customer_fk
ORD-03061,CUST-0453,PROD-090,STORE-01,2025-01-28,9,invalid_customer_fk
ORD-03088,CUST-GHOST-999,PROD-086,STORE-08,2025-03-26,2,invalid_customer_fk
ORD-03093,CUST-0317,PROD-031,STORE-12,2024-12-02,7,invalid_product_fk
ORD-03108,CUST-GHOST-999,PROD-082,STORE-03,2025-03-12,4,invalid_customer_fk
ORD-03112,CUST-0319,PROD-022,STORE-12,2026-02-23,4,invalid_customer_fk
ORD-03116,CUST-GHOST-999,PROD-062,STORE-02,2026-02-04,6,invalid_customer_fk
ORD-03140,CUST-GHOST-999,PROD-091,STORE-11,2025-12-15,1,invalid_customer_fk
ORD-03151,CUST-0601,PROD-040,STORE-12,2024-07-14,7,invalid_customer_fk
ORD-03156,CUST-0007,PROD-022,STORE-14,2024-09-04,8,invalid_customer_fk
ORD-03162,CUST-0972,PROD-015,STORE-08,2025-06-27,10,invalid_customer_fk
ORD-03169,CUST-0600,PROD-031,STORE-08,2026-01-12,8,invalid_product_fk
ORD-03171,CUST-GHOST-999,PROD-035,STORE-13,2024-12-22,1,invalid_customer_fk
ORD-03201,CUST-0109,PROD-056,STORE-12,2024-09-13,1,invalid_customer_fk
ORD-03211,CUST-0670,PROD-083,STORE-13,2025-01-04,9,invalid_customer_fk
ORD-03212,CUST-GHOST-999,PROD-056,STORE-13,2025-07-08,4,invalid_customer_fk
ORD-03219,CUST-GHOST-999,PROD-069,STORE-04,2024-10-25,7,invalid_customer_fk
ORD-03220,CUST-0434,PROD-041,STORE-13,2025-05-25,6,invalid_customer_fk
ORD-03246,CUST-0453,PROD-090,STORE-08,2024-11-12,5,invalid_customer_fk
ORD-03250,CUST-0105,PROD-087,STORE-13,2026-01-08,3,invalid_customer_fk
ORD-03265,CUST-0587,PROD-062,STORE-05,2026-10-27,2,future_date
ORD-03278,CUST-0212,PROD-084,STORE-03,2024-09-28,2,invalid_product_fk
ORD-03286,CUST-0536,PROD-046,STORE-10,2026-10-27,9,future_date
ORD-03294,CUST-0391,PROD-084,STORE-15,2025-02-02,3,invalid_product_fk
ORD-03310,CUST-0180,PROD-068,STORE-12,2026-10-27,5,future_date
ORD-03319,CUST-0010,PROD-088,STORE-09,2026-10-27,3,future_date
ORD-03328,CUST-GHOST-999,PROD-082,STORE-14,2025-11-11,2,invalid_customer_fk
ORD-03355,CUST-0007,PROD-079,STORE-08,2025-09-02,6,invalid_customer_fk
ORD-03372,CUST-0972,PROD-062,STORE-11,2025-08-24,5,invalid_customer_fk
ORD-03374,CUST-0508,PROD-088,STORE-12,2024-09-30,3,invalid_customer_fk
ORD-03405,CUST-0972,PROD-063,STORE-06,2025-12-04,6,invalid_customer_fk
ORD-03437,CUST-GHOST-999,PROD-022,STORE-04,2025-09-22,1,invalid_customer_fk
ORD-03438,CUST-0547,PROD-031,STORE-05,2024-06-29,1,invalid_product_fk
ORD-03443,CUST-0648,PROD-078,STORE-06,2026-05-12,6,invalid_customer_fk
ORD-03451,CUST-0109,PROD-093,STORE-12,2026-05-01,7,invalid_customer_fk
ORD-03452,CUST-0969,PROD-084,STORE-05,2026-01-02,10,invalid_customer_fk
ORD-03460,CUST-0503,PROD-094,STORE-03,2024-11-09,5,invalid_customer_fk
ORD-03475,CUST-0143,PROD-062,STORE-13,2024-09-25,10,invalid_customer_fk
ORD-03481,CUST-0304,PROD-014,STORE-09,2026-10-27,7,future_date
ORD-03487,CUST-0105,PROD-037,STORE-06,2025-03-26,2,invalid_customer_fk
ORD-03493,CUST-GHOST-999,PROD-037,STORE-06,2025-12-27,2,invalid_customer_fk
ORD-03497,CUST-0797,PROD-084,STORE-03,2025-08-24,6,invalid_product_fk
ORD-03505,CUST-0822,PROD-084,STORE-15,2025-02-24,4,invalid_product_fk
ORD-03518,CUST-GHOST-999,PROD-029,STORE-01,2024-08-21,3,invalid_customer_fk
ORD-03547,CUST-0029,PROD-031,STORE-05,2025-01-17,3,invalid_product_fk
ORD-03569,CUST-0369,PROD-080,STORE-14,2024-11-12,7,invalid_customer_fk
ORD-03570,CUST-GHOST-999,PROD-092,STORE-13,2025-11-16,7,invalid_customer_fk
ORD-03621,CUST-0957,PROD-019,STORE-08,2025-06-17,6,invalid_customer_fk
ORD-03642,CUST-0092,PROD-084,STORE-01,2024-08-27,10,invalid_product_fk
ORD-03659,CUST-0441,PROD-031,STORE-09,2026-03-13,7,invalid_product_fk
ORD-03675,CUST-0192,PROD-031,STORE-11,2025-05-29,4,invalid_product_fk
ORD-03686,CUST-0503,PROD-003,STORE-07,2024-08-06,2,invalid_customer_fk
ORD-03696,CUST-GHOST-999,PROD-078,STORE-01,2025-05-30,9,invalid_customer_fk
ORD-03704,CUST-0447,PROD-066,STORE-07,2025-07-11,4,invalid_customer_fk
ORD-03726,CUST-GHOST-999,PROD-028,STORE-02,2025-08-25,9,invalid_customer_fk
ORD-03737,CUST-GHOST-999,PROD-068,STORE-01,2026-04-12,6,invalid_customer_fk
ORD-03747,CUST-0143,PROD-014,STORE-06,2025-07-20,7,invalid_customer_fk
ORD-03753,CUST-GHOST-999,PROD-089,STORE-10,2024-11-27,7,invalid_customer_fk
ORD-03755,CUST-0598,PROD-059,STORE-02,2025-09-08,3,invalid_customer_fk
ORD-03764,CUST-0712,PROD-010,STORE-02,2026-10-27,8,future_date
ORD-03771,CUST-0109,PROD-017,STORE-04,2025-03-28,6,invalid_customer_fk
ORD-03797,CUST-0508,PROD-027,STORE-03,2026-02-18,4,invalid_customer_fk
ORD-03815,CUST-0503,PROD-095,STORE-06,2025-11-08,9,invalid_customer_fk
ORD-03825,CUST-0369,PROD-027,STORE-12,2026-01-13,2,invalid_customer_fk
ORD-03833,CUST-0855,PROD-079,STORE-02,2026-03-03,7,invalid_customer_fk
ORD-03840,CUST-0819,PROD-038,STORE-01,2025-05-30,8,invalid_customer_fk
ORD-03855,CUST-0447,PROD-087,STORE-15,2025-06-11,6,invalid_customer_fk
ORD-03874,CUST-0277,PROD-084,STORE-02,2025-07-03,6,invalid_product_fk
ORD-03909,CUST-0361,PROD-084,STORE-12,2025-10-26,10,invalid_product_fk
ORD-03914,CUST-0590,PROD-091,STORE-15,2024-11-08,9,invalid_customer_fk
ORD-03921,CUST-0957,PROD-087,STORE-08,2025-01-12,6,invalid_customer_fk
ORD-03926,CUST-GHOST-999,PROD-096,STORE-02,2025-06-21,8,invalid_customer_fk
ORD-03943,CUST-0874,PROD-018,STORE-13,2026-10-27,2,future_date
ORD-03959,CUST-0143,PROD-027,STORE-09,2025-03-10,6,invalid_customer_fk
ORD-03993,CUST-0300,PROD-084,STORE-04,2024-10-18,9,invalid_product_fk
ORD-04001,CUST-0037,PROD-031,STORE-12,2025-06-09,8,invalid_product_fk
ORD-04022,CUST-0764,PROD-031,STORE-03,2025-07-21,1,invalid_product_fk
ORD-04025,CUST-0346,PROD-074,STORE-07,2025-05-19,1,invalid_customer_fk
ORD-04048,CUST-0080,PROD-031,STORE-04,2025-01-29,6,invalid_product_fk
ORD-04053,CUST-0919,PROD-084,STORE-06,2025-07-04,8,invalid_product_fk
ORD-04072,CUST-0710,PROD-031,STORE-08,2025-08-24,7,invalid_product_fk
ORD-04075,CUST-0670,PROD-062,STORE-10,2026-01-29,4,invalid_customer_fk
ORD-04083,CUST-0590,PROD-064,STORE-11,2025-08-13,4,invalid_customer_fk
ORD-04085,CUST-GHOST-999,PROD-022,STORE-02,2024-11-20,7,invalid_customer_fk
ORD-04087,CUST-GHOST-999,PROD-013,STORE-03,2025-07-06,1,invalid_customer_fk
ORD-04132,CUST-0283,PROD-059,STORE-11,2026-10-27,9,future_date
ORD-04175,CUST-0065,PROD-084,STORE-01,2025-06-22,9,invalid_product_fk
ORD-04182,CUST-0105,PROD-065,STORE-07,2025-01-27,8,invalid_customer_fk
ORD-04187,CUST-0135,PROD-095,STORE-15,2026-10-27,5,future_date
ORD-04214,CUST-0855,PROD-020,STORE-01,2025-08-08,6,invalid_customer_fk
ORD-04231,CUST-0578,PROD-084,STORE-03,2025-08-18,3,invalid_product_fk
ORD-04247,CUST-0599,PROD-094,STORE-05,2025-05-18,6,invalid_customer_fk
ORD-04252,CUST-0270,PROD-073,STORE-02,2026-10-27,3,future_date
ORD-04265,CUST-GHOST-999,PROD-050,STORE-12,2025-07-06,8,invalid_customer_fk
ORD-04305,CUST-0319,PROD-036,STORE-09,2025-05-06,6,invalid_customer_fk
ORD-04307,CUST-0857,PROD-090,STORE-02,2026-10-27,10,future_date
ORD-04322,CUST-0373,PROD-045,STORE-13,2026-10-27,9,future_date
ORD-04341,CUST-0590,PROD-089,STORE-07,2025-08-11,7,invalid_customer_fk
ORD-04351,CUST-0134,PROD-085,STORE-06,2026-03-06,1,invalid_customer_fk
ORD-04356,CUST-GHOST-999,PROD-024,STORE-04,2025-05-09,4,invalid_customer_fk
ORD-04363,CUST-GHOST-999,PROD-032,STORE-13,2024-07-20,2,invalid_customer_fk
ORD-04366,CUST-GHOST-999,PROD-087,STORE-12,2026-01-29,7,invalid_customer_fk
ORD-04381,CUST-0855,PROD-014,STORE-08,2026-02-11,2,invalid_customer_fk
ORD-04383,CUST-GHOST-999,PROD-052,STORE-13,2024-12-31,1,invalid_customer_fk
ORD-04409,CUST-0442,PROD-036,STORE-06,2026-10-27,8,future_date
ORD-04415,CUST-0346,PROD-082,STORE-12,2024-10-17,5,invalid_customer_fk
ORD-04428,CUST-GHOST-999,PROD-017,STORE-05,2025-05-18,5,invalid_customer_fk
ORD-04470,CUST-0969,PROD-003,STORE-06,2025-04-26,10,invalid_customer_fk
ORD-04476,CUST-0741,PROD-031,STORE-03,2025-09-02,8,invalid_product_fk
ORD-04480,CUST-0473,PROD-059,STORE-04,2025-03-07,10,invalid_customer_fk
ORD-04481,CUST-0455,PROD-031,STORE-13,2024-10-11,3,invalid_product_fk
ORD-04494,CUST-0645,PROD-084,STORE-08,2024-10-09,7,invalid_product_fk
ORD-04500,CUST-GHOST-999,PROD-034,STORE-02,2026-01-04,6,invalid_customer_fk
ORD-04503,CUST-GHOST-999,PROD-034,STORE-06,2026-02-02,5,invalid_customer_fk
ORD-04513,CUST-0151,PROD-078,STORE-05,2026-10-27,7,future_date
ORD-04514,CUST-GHOST-999,PROD-082,STORE-04,2024-10-16,1,invalid_customer_fk
ORD-04564,CUST-GHOST-999,PROD-082,STORE-11,2026-05-10,9,invalid_customer_fk
ORD-04622,CUST-0625,PROD-084,STORE-04,2026-03-28,2,invalid_product_fk
ORD-04632,CUST-0599,PROD-087,STORE-13,2025-02-19,6,invalid_customer_fk
ORD-04655,CUST-0369,PROD-062,STORE-05,2024-07-02,9,invalid_customer_fk
ORD-04659,CUST-0445,PROD-084,STORE-05,2025-01-28,4,invalid_product_fk
ORD-04684,CUST-0319,PROD-061,STORE-08,2025-01-25,5,invalid_customer_fk
ORD-04686,CUST-0375,PROD-079,STORE-11,2025-01-12,2,invalid_customer_fk
ORD-04689,CUST-0133,PROD-019,STORE-04,2026-10-27,2,future_date
ORD-04698,CUST-GHOST-999,PROD-007,STORE-13,2026-02-11,4,invalid_customer_fk
ORD-04700,CUST-0856,PROD-031,STORE-03,2025-09-24,7,invalid_product_fk
ORD-04710,CUST-GHOST-999,PROD-009,STORE-13,2024-12-01,6,invalid_customer_fk
ORD-04737,CUST-0199,PROD-032,STORE-14,2026-10-27,6,future_date
ORD-04766,CUST-0859,PROD-083,STORE-02,2026-10-27,10,future_date
ORD-04772,CUST-GHOST-999,PROD-052,STORE-14,2025-12-13,7,invalid_customer_fk
ORD-04791,CUST-0346,PROD-057,STORE-15,2026-01-08,6,invalid_customer_fk
ORD-04815,CUST-0374,PROD-031,STORE-06,2024-09-03,9,invalid_product_fk
ORD-04831,CUST-0503,PROD-056,STORE-12,2024-07-26,3,invalid_customer_fk
ORD-04832,CUST-GHOST-999,PROD-028,STORE-11,2025-12-14,8,invalid_customer_fk
ORD-04835,CUST-0969,PROD-053,STORE-03,2025-01-20,9,invalid_customer_fk
ORD-04847,CUST-0319,PROD-046,STORE-03,2025-06-10,7,invalid_customer_fk
ORD-04874,CUST-0145,PROD-031,STORE-14,2026-04-09,8,invalid_product_fk
ORD-04884,CUST-0503,PROD-004,STORE-08,2025-08-18,2,invalid_customer_fk
ORD-04899,CUST-0508,PROD-027,STORE-10,2025-12-24,10,invalid_customer_fk
ORD-04902,CUST-0005,PROD-031,STORE-11,2025-09-20,6,invalid_product_fk
ORD-04906,CUST-0685,PROD-034,STORE-15,2026-10-27,7,future_date
ORD-04908,CUST-0210,PROD-084,STORE-12,2025-11-20,5,invalid_product_fk
ORD-04942,CUST-GHOST-999,PROD-067,STORE-09,2025-08-31,1,invalid_customer_fk
ORD-04949,CUST-GHOST-999,PROD-010,STORE-01,2025-12-14,8,invalid_customer_fk
ORD-04966,CUST-0346,PROD-042,STORE-11,2026-02-07,7,invalid_customer_fk
ORD-04973,CUST-0556,PROD-084,STORE-08,2025-06-14,5,invalid_product_fk
ORD-04976,CUST-0346,PROD-071,STORE-15,2026-01-05,3,invalid_customer_fk
ORD-05003,CUST-0601,PROD-089,STORE-14,2025-01-19,6,invalid_customer_fk
ORD-05061,CUST-0754,PROD-031,STORE-09,2026-06-08,1,invalid_product_fk
ORD-05072,CUST-GHOST-999,PROD-064,STORE-05,2025-04-07,8,invalid_customer_fk
ORD-05076,CUST-GHOST-999,PROD-060,STORE-06,2025-09-22,7,invalid_customer_fk
ORD-05082,CUST-0811,PROD-085,STORE-15,2025-10-23,3,invalid_customer_fk
ORD-05093,CUST-0145,PROD-031,STORE-09,2026-05-24,8,invalid_product_fk
ORD-05094,CUST-GHOST-999,PROD-028,STORE-07,2024-09-07,8,invalid_customer_fk
ORD-05108,CUST-0625,PROD-031,STORE-14,2025-06-11,4,invalid_product_fk
ORD-05115,CUST-0811,PROD-099,STORE-05,2025-06-24,3,invalid_customer_fk
ORD-05153,CUST-0233,PROD-031,STORE-01,2025-08-03,9,invalid_product_fk
ORD-05156,CUST-GHOST-999,PROD-030,STORE-03,2026-01-26,3,invalid_customer_fk
ORD-05171,CUST-GHOST-999,PROD-016,STORE-11,2025-04-25,5,invalid_customer_fk
ORD-05173,CUST-0991,PROD-084,STORE-11,2025-06-14,9,invalid_product_fk
ORD-05215,CUST-0733,PROD-096,STORE-01,2026-10-27,5,future_date
ORD-05224,CUST-GHOST-999,PROD-070,STORE-07,2024-10-03,6,invalid_customer_fk
ORD-05236,CUST-0957,PROD-071,STORE-11,2025-04-23,3,invalid_customer_fk
ORD-05243,CUST-0855,PROD-089,STORE-15,2025-09-20,4,invalid_customer_fk
ORD-05277,CUST-0670,PROD-093,STORE-01,2025-05-18,5,invalid_customer_fk
ORD-05279,CUST-0503,PROD-023,STORE-15,2025-01-29,8,invalid_customer_fk
ORD-05281,CUST-GHOST-999,PROD-043,STORE-07,2025-04-18,2,invalid_customer_fk
ORD-05322,CUST-GHOST-999,PROD-093,STORE-15,2026-02-11,6,invalid_customer_fk
ORD-05344,CUST-0234,PROD-041,STORE-15,2026-10-27,6,future_date
ORD-05345,CUST-0929,PROD-031,STORE-10,2026-02-22,4,invalid_product_fk
ORD-05377,CUST-0441,PROD-031,STORE-04,2025-04-03,4,invalid_product_fk
ORD-05389,CUST-0004,PROD-031,STORE-11,2026-03-20,5,invalid_product_fk
ORD-05419,CUST-0050,PROD-098,STORE-04,2025-10-26,2,invalid_customer_fk
ORD-05441,CUST-0855,PROD-048,STORE-10,2025-03-02,5,invalid_customer_fk
ORD-05493,CUST-0819,PROD-020,STORE-07,2026-02-02,9,invalid_customer_fk
ORD-05505,CUST-GHOST-999,PROD-032,STORE-04,2025-10-04,1,invalid_customer_fk
ORD-05517,CUST-0972,PROD-085,STORE-02,2025-05-09,6,invalid_customer_fk
ORD-05524,CUST-0870,PROD-031,STORE-05,2026-02-25,4,invalid_product_fk
ORD-05525,CUST-GHOST-999,PROD-022,STORE-06,2025-10-28,3,invalid_customer_fk
ORD-05527,CUST-GHOST-999,PROD-011,STORE-02,2024-09-05,2,invalid_customer_fk
ORD-05530,CUST-GHOST-999,PROD-090,STORE-11,2024-07-06,3,invalid_customer_fk
ORD-05549,CUST-0670,PROD-091,STORE-14,2025-06-26,7,invalid_customer_fk
ORD-05550,CUST-0429,PROD-031,STORE-13,2026-06-14,5,invalid_product_fk
ORD-05552,CUST-0473,PROD-020,STORE-12,2024-07-01,3,invalid_customer_fk
ORD-05557,CUST-0594,PROD-031,STORE-12,2026-03-22,8,invalid_product_fk
ORD-05586,CUST-0046,PROD-037,STORE-06,2026-10-27,1,future_date
ORD-05589,CUST-GHOST-999,PROD-078,STORE-10,2025-02-21,4,invalid_customer_fk
ORD-05592,CUST-0913,PROD-084,STORE-14,2025-06-20,1,invalid_product_fk
ORD-05603,CUST-0678,PROD-071,STORE-05,2026-10-27,2,future_date
ORD-05604,CUST-0876,PROD-031,STORE-15,2026-10-27,7,future_date
ORD-05606,CUST-0559,PROD-084,STORE-04,2025-01-28,1,invalid_product_fk
ORD-05617,CUST-0977,PROD-031,STORE-02,2026-04-12,5,invalid_product_fk
ORD-05619,CUST-0346,PROD-016,STORE-09,2024-09-05,9,invalid_customer_fk
ORD-05635,CUST-0855,PROD-085,STORE-15,2025-03-22,8,invalid_customer_fk
ORD-05694,CUST-0834,PROD-083,STORE-10,2026-10-27,2,future_date
ORD-05717,CUST-0601,PROD-059,STORE-06,2026-01-20,5,invalid_customer_fk
ORD-05727,CUST-0819,PROD-040,STORE-12,2026-04-13,7,invalid_customer_fk
ORD-05728,CUST-GHOST-999,PROD-009,STORE-10,2026-06-01,2,invalid_customer_fk
ORD-05739,CUST-0601,PROD-026,STORE-11,2026-06-07,7,invalid_customer_fk
ORD-05757,CUST-0946,PROD-031,STORE-10,2024-11-06,2,invalid_product_fk
ORD-05777,CUST-0855,PROD-088,STORE-07,2025-12-03,3,invalid_customer_fk
ORD-05797,CUST-0405,PROD-084,STORE-10,2025-08-10,3,invalid_product_fk
ORD-05813,CUST-GHOST-999,PROD-086,STORE-12,2025-03-31,1,invalid_customer_fk
ORD-05836,CUST-0126,PROD-031,STORE-07,2025-04-02,3,invalid_product_fk
ORD-05838,CUST-0330,PROD-048,STORE-11,2026-10-27,1,future_date
ORD-05839,CUST-0375,PROD-040,STORE-14,2025-03-12,3,invalid_customer_fk
ORD-05853,CUST-0972,PROD-061,STORE-08,2026-05-21,4,invalid_customer_fk
ORD-05877,CUST-0378,PROD-031,STORE-09,2025-02-01,9,invalid_product_fk
ORD-05912,CUST-0828,PROD-016,STORE-14,2026-10-27,9,future_date
ORD-05920,CUST-0076,PROD-031,STORE-08,2026-01-03,5,invalid_product_fk
ORD-05924,CUST-0134,PROD-067,STORE-09,2025-07-28,7,invalid_customer_fk
ORD-05951,CUST-0105,PROD-086,STORE-06,2025-04-13,8,invalid_customer_fk
ORD-05966,CUST-0339,PROD-073,STORE-02,2026-10-27,5,future_date
ORD-05980,CUST-0930,PROD-047,STORE-11,2026-03-20,4,invalid_customer_fk
ORD-05996,CUST-0258,PROD-025,STORE-13,2026-10-27,5,future_date
ORD-06002,CUST-0007,PROD-086,STORE-14,2025-08-13,9,invalid_customer_fk
ORD-06016,CUST-GHOST-999,PROD-064,STORE-08,2025-12-09,8,invalid_customer_fk
ORD-06026,CUST-0024,PROD-051,STORE-15,2026-10-27,9,future_date
ORD-06047,CUST-0243,PROD-058,STORE-04,2025-09-19,5,invalid_customer_fk
ORD-06055,CUST-0105,PROD-081,STORE-04,2026-02-18,5,invalid_customer_fk
ORD-06071,CUST-0386,PROD-070,STORE-03,2026-10-27,2,future_date
ORD-06078,CUST-0536,PROD-084,STORE-13,2025-05-21,3,invalid_product_fk
ORD-06096,CUST-0712,PROD-084,STORE-08,2026-01-29,2,invalid_product_fk
ORD-06134,CUST-0105,PROD-029,STORE-14,2024-08-11,9,invalid_customer_fk
ORD-06135,CUST-0109,PROD-072,STORE-12,2026-02-02,7,invalid_customer_fk
ORD-06140,CUST-GHOST-999,PROD-034,STORE-04,2026-06-10,1,invalid_customer_fk
ORD-06152,CUST-0375,PROD-080,STORE-15,2026-02-04,4,invalid_customer_fk
ORD-06154,CUST-0100,PROD-031,STORE-13,2024-12-04,7,invalid_product_fk
ORD-06175,CUST-0648,PROD-044,STORE-12,2025-04-25,10,invalid_customer_fk
ORD-06184,CUST-0601,PROD-083,STORE-15,2025-07-28,4,invalid_customer_fk
ORD-06185,CUST-0075,PROD-031,STORE-03,2025-06-24,2,invalid_product_fk
ORD-06186,CUST-0819,PROD-042,STORE-14,2025-11-11,6,invalid_customer_fk
ORD-06193,CUST-0601,PROD-080,STORE-12,2024-12-16,8,invalid_customer_fk
ORD-06195,CUST-0434,PROD-058,STORE-15,2025-01-12,8,invalid_customer_fk
ORD-06203,CUST-GHOST-999,PROD-009,STORE-03,2025-02-14,4,invalid_customer_fk
ORD-06232,CUST-0819,PROD-042,STORE-11,2025-12-21,10,invalid_customer_fk
ORD-06243,CUST-0341,PROD-034,STORE-14,2026-10-27,5,future_date
ORD-06264,CUST-0243,PROD-082,STORE-09,2025-06-29,7,invalid_customer_fk
ORD-06275,CUST-0284,PROD-084,STORE-14,2025-07-05,9,invalid_product_fk
ORD-06295,CUST-0467,PROD-084,STORE-15,2026-05-07,5,invalid_product_fk
ORD-06324,CUST-0544,PROD-084,STORE-15,2025-12-09,2,invalid_product_fk
ORD-06335,CUST-0969,PROD-032,STORE-05,2025-02-20,8,invalid_customer_fk
ORD-06337,CUST-0473,PROD-056,STORE-01,2025-03-29,2,invalid_customer_fk
ORD-06367,CUST-0538,PROD-031,STORE-14,2025-07-04,3,invalid_product_fk
ORD-06375,CUST-0767,PROD-084,STORE-05,2025-04-08,10,invalid_product_fk
ORD-06389,CUST-0105,PROD-053,STORE-15,2025-03-08,7,invalid_customer_fk
ORD-06391,CUST-0497,PROD-037,STORE-01,2024-08-13,8,invalid_customer_fk
ORD-06416,CUST-GHOST-999,PROD-021,STORE-13,2025-05-22,2,invalid_customer_fk
ORD-06427,CUST-0957,PROD-021,STORE-09,2024-08-17,8,invalid_customer_fk
ORD-06433,CUST-GHOST-999,PROD-082,STORE-01,2025-08-05,5,invalid_customer_fk
ORD-06485,CUST-0473,PROD-071,STORE-03,2025-08-10,2,invalid_customer_fk
ORD-06493,CUST-GHOST-999,PROD-090,STORE-10,2024-08-14,9,invalid_customer_fk
ORD-06515,CUST-GHOST-999,PROD-095,STORE-14,2026-05-21,9,invalid_customer_fk
ORD-06525,CUST-0134,PROD-032,STORE-14,2026-01-17,6,invalid_customer_fk
ORD-06535,CUST-0319,PROD-052,STORE-03,2025-04-13,6,invalid_customer_fk
ORD-06556,CUST-0473,PROD-071,STORE-06,2026-01-25,3,invalid_customer_fk
ORD-06563,CUST-0293,PROD-084,STORE-08,2025-07-20,6,invalid_product_fk
ORD-06613,CUST-0242,PROD-031,STORE-10,2025-12-13,2,invalid_product_fk
ORD-06644,CUST-0447,PROD-056,STORE-15,2024-09-14,7,invalid_customer_fk
ORD-06650,CUST-GHOST-999,PROD-052,STORE-10,2025-02-14,10,invalid_customer_fk
ORD-06667,CUST-0243,PROD-017,STORE-01,2026-01-13,2,invalid_customer_fk
ORD-06685,CUST-0602,PROD-010,STORE-08,2026-10-27,1,future_date
ORD-06703,CUST-0533,PROD-084,STORE-15,2025-02-18,9,invalid_product_fk
ORD-06708,CUST-0007,PROD-062,STORE-02,2025-01-07,1,invalid_customer_fk
ORD-06720,CUST-0263,PROD-090,STORE-14,2026-01-24,2,invalid_customer_fk
ORD-06726,CUST-GHOST-999,PROD-017,STORE-10,2024-12-09,5,invalid_customer_fk
ORD-06739,CUST-0346,PROD-020,STORE-07,2026-05-11,9,invalid_customer_fk
ORD-06745,CUST-GHOST-999,PROD-039,STORE-03,2024-11-12,6,invalid_customer_fk
ORD-06758,CUST-0105,PROD-030,STORE-02,2025-01-15,2,invalid_customer_fk
ORD-06773,CUST-GHOST-999,PROD-093,STORE-15,2026-05-26,3,invalid_customer_fk
ORD-06783,CUST-0050,PROD-002,STORE-07,2025-10-27,5,invalid_customer_fk
ORD-06796,CUST-0703,PROD-073,STORE-06,2025-03-16,3,invalid_customer_fk
ORD-06813,CUST-GHOST-999,PROD-033,STORE-03,2025-11-13,7,invalid_customer_fk
ORD-06842,CUST-0007,PROD-024,STORE-04,2024-07-11,7,invalid_customer_fk
ORD-06856,CUST-0940,PROD-031,STORE-08,2025-03-19,9,invalid_product_fk
ORD-06859,CUST-0966,PROD-020,STORE-09,2026-10-27,10,future_date
ORD-06860,CUST-GHOST-999,PROD-023,STORE-13,2025-08-25,9,invalid_customer_fk
ORD-06883,CUST-0406,PROD-026,STORE-01,2026-10-27,1,future_date
ORD-06908,CUST-GHOST-999,PROD-084,STORE-01,2026-04-07,8,invalid_customer_fk
ORD-06922,CUST-0972,PROD-077,STORE-11,2025-04-20,10,invalid_customer_fk
ORD-06925,CUST-0930,PROD-092,STORE-02,2025-05-15,10,invalid_customer_fk
ORD-06928,CUST-GHOST-999,PROD-031,STORE-15,2025-06-20,3,invalid_customer_fk
ORD-06951,CUST-GHOST-999,PROD-040,STORE-09,2024-10-11,2,invalid_customer_fk
ORD-06954,CUST-0590,PROD-049,STORE-07,2024-10-24,5,invalid_customer_fk
ORD-06956,CUST-GHOST-999,PROD-031,STORE-01,2026-03-10,8,invalid_customer_fk
ORD-06965,CUST-GHOST-999,PROD-073,STORE-07,2024-11-19,4,invalid_customer_fk
ORD-06969,CUST-0508,PROD-068,STORE-14,2024-08-15,6,invalid_customer_fk
ORD-06977,CUST-0050,PROD-015,STORE-08,2026-01-17,4,invalid_customer_fk
ORD-07000,CUST-GHOST-999,PROD-045,STORE-06,2025-11-16,3,invalid_customer_fk
ORD-07007,CUST-0932,PROD-031,STORE-03,2025-10-08,3,invalid_product_fk
ORD-07015,CUST-0520,PROD-045,STORE-01,2026-10-27,8,future_date
ORD-07025,CUST-0648,PROD-024,STORE-12,2025-06-19,2,invalid_customer_fk
ORD-07039,CUST-0346,PROD-028,STORE-06,2024-09-10,1,invalid_customer_fk
ORD-07044,CUST-0848,PROD-031,STORE-01,2026-04-24,8,invalid_product_fk
ORD-07056,CUST-0819,PROD-023,STORE-15,2025-10-30,2,invalid_customer_fk
ORD-07081,CUST-0487,PROD-084,STORE-09,2024-12-27,7,invalid_product_fk
ORD-07082,CUST-0361,PROD-031,STORE-14,2025-09-19,4,invalid_product_fk
ORD-07117,CUST-0307,PROD-031,STORE-02,2024-12-24,6,invalid_product_fk
ORD-07125,CUST-0811,PROD-040,STORE-10,2026-03-17,2,invalid_customer_fk
ORD-07204,CUST-0175,PROD-031,STORE-01,2025-03-08,4,invalid_product_fk
ORD-07219,CUST-0369,PROD-082,STORE-09,2025-10-31,4,invalid_customer_fk
ORD-07226,CUST-GHOST-999,PROD-033,STORE-15,2026-01-30,9,invalid_customer_fk
ORD-07269,CUST-GHOST-999,PROD-019,STORE-13,2026-10-27,10,future_date
ORD-07301,CUST-0453,PROD-082,STORE-09,2025-11-22,8,invalid_customer_fk
ORD-07320,CUST-0099,PROD-084,STORE-03,2024-07-08,9,invalid_product_fk
ORD-07356,CUST-0098,PROD-084,STORE-01,2024-12-21,7,invalid_product_fk
ORD-07360,CUST-0877,PROD-084,STORE-14,2024-08-20,5,invalid_product_fk
ORD-07386,CUST-0703,PROD-088,STORE-08,2025-03-19,5,invalid_customer_fk
ORD-07410,CUST-0565,PROD-031,STORE-10,2025-11-09,10,invalid_product_fk
ORD-07425,CUST-0670,PROD-016,STORE-09,2025-01-03,8,invalid_customer_fk
ORD-07437,CUST-0447,PROD-062,STORE-03,2024-12-06,6,invalid_customer_fk
ORD-07456,CUST-0243,PROD-100,STORE-11,2025-09-20,3,invalid_customer_fk
ORD-07471,CUST-0276,PROD-061,STORE-04,2026-10-27,6,future_date
ORD-07497,CUST-0703,PROD-062,STORE-04,2025-04-18,5,invalid_customer_fk
ORD-07504,CUST-GHOST-999,PROD-056,STORE-05,2026-04-11,6,invalid_customer_fk
ORD-07516,CUST-GHOST-999,PROD-086,STORE-10,2024-08-31,8,invalid_customer_fk
ORD-07521,CUST-0969,PROD-067,STORE-12,2024-12-15,2,invalid_customer_fk
ORD-07528,CUST-0930,PROD-058,STORE-15,2026-01-26,2,invalid_customer_fk
ORD-07555,CUST-0590,PROD-031,STORE-13,2026-04-20,10,invalid_customer_fk
ORD-07571,CUST-0362,PROD-031,STORE-13,2025-09-30,10,invalid_product_fk
ORD-07582,CUST-0933,PROD-031,STORE-08,2025-07-21,8,invalid_product_fk
ORD-07584,CUST-GHOST-999,PROD-077,STORE-07,2026-03-16,7,invalid_customer_fk
ORD-07633,CUST-0070,PROD-084,STORE-14,2024-10-09,3,invalid_product_fk
ORD-07651,CUST-0508,PROD-039,STORE-13,2026-01-29,3,invalid_customer_fk
ORD-07660,CUST-0712,PROD-084,STORE-03,2025-02-25,1,invalid_product_fk
ORD-07661,CUST-0957,PROD-020,STORE-13,2026-05-31,1,invalid_customer_fk
ORD-07671,CUST-0473,PROD-012,STORE-04,2025-11-03,1,invalid_customer_fk
ORD-07680,CUST-0508,PROD-015,STORE-10,2025-10-21,3,invalid_customer_fk
ORD-07681,CUST-0561,PROD-009,STORE-08,2026-10-27,1,future_date
ORD-07690,CUST-0598,PROD-035,STORE-05,2025-02-26,8,invalid_customer_fk
ORD-07699,CUST-0599,PROD-070,STORE-06,2025-01-31,2,invalid_customer_fk
ORD-07701,CUST-0109,PROD-074,STORE-11,2025-12-05,2,invalid_customer_fk
ORD-07707,CUST-0811,PROD-066,STORE-11,2024-11-15,7,invalid_customer_fk
ORD-07714,CUST-0503,PROD-038,STORE-10,2025-09-08,10,invalid_customer_fk
ORD-07715,CUST-0134,PROD-011,STORE-07,2025-08-17,5,invalid_customer_fk
ORD-07734,CUST-0465,PROD-031,STORE-10,2025-05-24,2,invalid_product_fk
ORD-07740,CUST-GHOST-999,PROD-095,STORE-11,2025-07-22,3,invalid_customer_fk
ORD-07741,CUST-0841,PROD-031,STORE-03,2025-04-06,8,invalid_product_fk
ORD-07750,CUST-GHOST-999,PROD-077,STORE-14,2026-05-16,10,invalid_customer_fk
ORD-07761,CUST-0781,PROD-031,STORE-05,2025-10-11,7,invalid_product_fk
ORD-07763,CUST-GHOST-999,PROD-074,STORE-10,2024-07-27,10,invalid_customer_fk
ORD-07765,CUST-GHOST-999,PROD-052,STORE-07,2025-04-14,8,invalid_customer_fk
ORD-07795,CUST-0031,PROD-084,STORE-15,2025-01-08,5,invalid_product_fk
ORD-07806,CUST-0375,PROD-064,STORE-12,2024-11-28,4,invalid_customer_fk
ORD-07810,CUST-GHOST-999,PROD-053,STORE-09,2026-01-15,3,invalid_customer_fk
ORD-07824,CUST-GHOST-999,PROD-027,STORE-06,2026-03-18,1,invalid_customer_fk
ORD-07828,CUST-0129,PROD-031,STORE-06,2025-10-01,5,invalid_product_fk
ORD-07889,CUST-0503,PROD-100,STORE-02,2024-07-21,9,invalid_customer_fk
ORD-07913,CUST-0964,PROD-084,STORE-09,2024-11-15,5,invalid_product_fk
ORD-07928,CUST-0884,PROD-043,STORE-04,2026-10-27,5,future_date
ORD-07933,CUST-0503,PROD-065,STORE-14,2025-04-21,10,invalid_customer_fk
ORD-07936,CUST-0346,PROD-042,STORE-12,2025-02-03,2,invalid_customer_fk
ORD-07944,CUST-0473,PROD-021,STORE-04,2025-11-15,7,invalid_customer_fk
ORD-07969,CUST-0969,PROD-009,STORE-14,2025-10-15,4,invalid_customer_fk
ORD-07978,CUST-GHOST-999,PROD-008,STORE-12,2026-05-23,6,invalid_customer_fk
ORD-07991,CUST-0601,PROD-091,STORE-14,2024-09-22,1,invalid_customer_fk
ORD-07995,CUST-0467,PROD-094,STORE-04,2026-10-27,3,future_date
